[{"age":26,"userId":123,"jobTitleName":"Developer","salary":100000,"firstName":"Romin","lastName":"Irani","preferredFullName":"Romin Irani","employeeCode":"E1","region":"CA","phoneNumber":"408-1234567","emailAddress":"romin.k.irani@gmail.com"},{"age":36,"userId":456,"jobTitleName":"Developer","salary":200000,"firstName":"Neil","lastName":"Irani","preferredFullName":"Neil Irani","employeeCode":"E2","region":"CA","phoneNumber":"408-1111111","emailAddress":"neilrirani@gmail.com"},{"age":30,"userId":543,"jobTitleName":"Program Directory","salary":300000,"firstName":"Tom","lastName":"Hanks","preferredFullName":"Tom Hanks","employeeCode":"E3","region":"CA","phoneNumber":"408-2222222","emailAddress":"tomhanks@gmail.com"}]